number,generated_file,original_file,capture_date,display_date,width,height,optimized_bytes,thumbnail_bytes
1,bgfs-0001.jpg,IMG_20260826_181324.jpg,2026-08-26,"August 26, 2026",2400,2400,894792,99859
2,bgfs-0002.jpg,IMG_20260826_192303.jpg,2026-08-26,"August 26, 2026",2400,1082,454068,50313
3,bgfs-0003.jpg,IMG_20260826_192327.jpg,2026-08-26,"August 26, 2026",2400,1082,455750,50405
4,bgfs-0004.jpg,IMG_20260823_083836.jpg,2026-08-23,"August 23, 2026",2400,2400,1385433,121596
5,bgfs-0005.jpg,IMG_20260814_193102.jpg,2026-08-14,"August 14, 2026",2400,2400,627738,77843
6,bgfs-0006.jpg,IMG_20260814_195935.jpg,2026-08-14,"August 14, 2026",2400,2400,849505,74539
7,bgfs-0007.jpg,IMG_20260813_194220.jpg,2026-08-13,"August 13, 2026",2400,1082,300434,38791
8,bgfs-0008.jpg,IMG_20260813_083029.jpg,2026-08-13,"August 13, 2026",2400,2400,1515753,134346
9,bgfs-0009.jpg,IMG-20260811-WA0000.jpg,2026-08-11,"August 11, 2026",1600,1204,328923,76645
10,bgfs-0010.jpg,IMG-20260807-WA0007.jpg,2026-08-07,"August 7, 2026",1024,768,139620,72700
11,bgfs-0011.jpg,IMG_20260807_063200.jpg,2026-08-07,"August 7, 2026",2400,1082,541705,46553
12,bgfs-0012.jpg,IMG_20260807_064409.jpg,2026-08-07,"August 7, 2026",2400,1082,482770,49652
13,bgfs-0013.jpg,IMG_20260807_085438.jpg,2026-08-07,"August 7, 2026",2400,2400,977563,103335
14,bgfs-0014.jpg,IMG_20260807_064532.jpg,2026-08-07,"August 7, 2026",1080,2400,298195,34602
15,bgfs-0015.jpg,IMG_20260806_065849.jpg,2026-08-06,"August 6, 2026",2400,1082,461647,47696
16,bgfs-0016.jpg,IMG_20260806_064741.jpg,2026-08-06,"August 6, 2026",2400,1082,535915,52628
17,bgfs-0017.jpg,IMG_20260805_202159.jpg,2026-08-05,"August 5, 2026",2400,1082,95929,10826
18,bgfs-0018.jpg,IMG_20260804_175315.jpg,2026-08-04,"August 4, 2026",2400,1082,557930,61945
19,bgfs-0019.jpg,IMG_20260730_144812.jpg,2026-07-30,"July 30, 2026",2400,2400,661616,76750
20,bgfs-0020.jpg,IMG_20260728_183253.jpg,2026-07-28,"July 28, 2026",2400,2400,1217121,132835
21,bgfs-0021.jpg,IMG_20260726_181242.jpg,2026-07-26,"July 26, 2026",2400,2400,1108854,113810
22,bgfs-0022.jpg,IMG-20260723-WA0008.jpg,2026-07-23,"July 23, 2026",2400,1800,1191827,88565
23,bgfs-0023.jpg,IMG_20260719_115124.jpg,2026-07-19,"July 19, 2026",2400,1802,983864,87048
24,bgfs-0024.jpg,IMG-20260718-WA0002.jpg,2026-07-18,"July 18, 2026",2400,1800,786134,83823
25,bgfs-0025.jpg,IMG-20260718-WA0005.jpg,2026-07-18,"July 18, 2026",2400,1800,958761,90043
26,bgfs-0026.jpg,IMG_20260717_154924.jpg,2026-07-17,"July 17, 2026",2400,1802,768213,89090
27,bgfs-0027.jpg,IMG_20260717_160402.jpg,2026-07-17,"July 17, 2026",2400,1802,706702,78175
28,bgfs-0028.jpg,IMG_20260717_162110.jpg,2026-07-17,"July 17, 2026",1802,2400,625036,71591
29,bgfs-0029.jpg,IMG_20260709_111215.jpg,2026-07-09,"July 9, 2026",1800,2400,697804,57668
30,bgfs-0030.jpg,IMG_20260707_151407.jpg,2026-07-07,"July 7, 2026",1800,2400,625278,56749
31,bgfs-0031.jpg,IMG_20260706_143133.jpg,2026-07-06,"July 6, 2026",1802,2400,678608,69276
32,bgfs-0032.jpg,IMG_20260607_155228.jpg,2026-06-07,"June 7, 2026",2400,1802,696133,79368
33,bgfs-0033.jpg,IMG_20260607_155312.jpg,2026-06-07,"June 7, 2026",1802,2400,647357,68412
34,bgfs-0034.jpg,IMG_20260507_160527.jpg,2026-05-07,"May 7, 2026",2400,1802,843956,81734
35,bgfs-0035.jpg,IMG_20260507_160558.jpg,2026-05-07,"May 7, 2026",2400,1800,873533,86977
36,bgfs-0036.jpg,IMG_20260507_163210.jpg,2026-05-07,"May 7, 2026",2400,1800,890739,86300
37,bgfs-0037.jpg,IMG_20260507_160419.jpg,2026-05-07,"May 7, 2026",1802,2400,686179,64060
38,bgfs-0038.jpg,IMG_20260507_163201.jpg,2026-05-07,"May 7, 2026",2400,1802,821400,81599
39,bgfs-0039.jpg,IMG-20260429-WA0008.jpg,2026-04-29,"April 29, 2026",1800,2400,1055618,91212
40,bgfs-0040.jpg,IMG-20260429-WA0018.jpg,2026-04-29,"April 29, 2026",1800,2400,987235,111017
41,bgfs-0041.jpg,IMG-20260429-WA0015.jpg,2026-04-29,"April 29, 2026",1800,2400,561961,73437
42,bgfs-0042.jpg,IMG-20260429-WA0007.jpg,2026-04-29,"April 29, 2026",1800,2400,591055,76932
43,bgfs-0043.jpg,IMG-20260429-WA0013.jpg,2026-04-29,"April 29, 2026",1800,2400,1026615,88605
44,bgfs-0044.jpg,IMG-20260429-WA0005.jpg,2026-04-29,"April 29, 2026",1800,2400,653861,79671
45,bgfs-0045.jpg,wedding-096.jpg,2026-04-25,"April 25, 2026",1024,682,179961,85563
46,bgfs-0046.jpg,wedding-009.jpg,2026-04-25,"April 25, 2026",1024,1536,369321,79796
47,bgfs-0047.jpg,wedding-088.jpg,2026-04-25,"April 25, 2026",1024,1536,364413,73111
48,bgfs-0048.jpg,wedding-077.jpg,2026-04-25,"April 25, 2026",1024,1536,395949,84607
49,bgfs-0049.jpg,wedding-042.jpg,2026-04-25,"April 25, 2026",1024,1536,443294,96387
50,bgfs-0050.jpg,wedding-089.jpg,2026-04-25,"April 25, 2026",1024,1536,394996,87373
51,bgfs-0051.jpg,wedding-075.jpg,2026-04-25,"April 25, 2026",1024,1536,367174,73978
52,bgfs-0052.jpg,wedding-023.jpg,2026-04-25,"April 25, 2026",1024,682,222163,99076
53,bgfs-0053.jpg,wedding-106.jpg,2026-04-25,"April 25, 2026",1024,1536,364572,82110
54,bgfs-0054.jpg,wedding-100.jpg,2026-04-25,"April 25, 2026",1024,1536,222830,54401
55,bgfs-0055.jpg,wedding-084.jpg,2026-04-25,"April 25, 2026",1024,1536,358041,69497
56,bgfs-0056.jpg,wedding-066.jpg,2026-04-25,"April 25, 2026",1024,1536,388820,76692
57,bgfs-0057.jpg,wedding-051.jpg,2026-04-25,"April 25, 2026",1024,682,203191,91505
58,bgfs-0058.jpg,wedding-039.jpg,2026-04-25,"April 25, 2026",1024,1536,460019,84814
59,bgfs-0059.jpg,wedding-093.jpg,2026-04-25,"April 25, 2026",1024,1536,354356,74072
60,bgfs-0060.jpg,IMG-20260417-WA0004.jpg,2026-04-17,"April 17, 2026",1280,720,207976,71211
61,bgfs-0061.jpg,IMG-20260417-WA0007.jpg,2026-04-17,"April 17, 2026",2040,1530,626567,96046
62,bgfs-0062.jpg,IMG-20260417-WA0002.jpg,2026-04-17,"April 17, 2026",1280,720,214237,73179
63,bgfs-0063.jpg,IMG-20260417-WA0006.jpg,2026-04-17,"April 17, 2026",2040,1530,478087,81928
64,bgfs-0064.jpg,IMG_20260415_125056.jpg,2026-04-15,"April 15, 2026",1802,2400,998117,114028
65,bgfs-0065.jpg,IMG_20260415_124835.jpg,2026-04-15,"April 15, 2026",2400,1800,668201,74569
66,bgfs-0066.jpg,IMG_20260415_125208.jpg,2026-04-15,"April 15, 2026",1802,2400,608187,62854
67,bgfs-0067.jpg,IMG_20260415_124817.jpg,2026-04-15,"April 15, 2026",1800,2400,620133,89229
68,bgfs-0068.jpg,IMG_20260405_175359.jpg,2026-04-05,"April 5, 2026",1802,2400,645440,74278
69,bgfs-0069.jpg,IMG_20260405_100831.jpg,2026-04-05,"April 5, 2026",1800,2400,682763,95351
70,bgfs-0070.jpg,IMG_20260328_164206.jpg,2026-03-28,"March 28, 2026",2400,1802,721341,69152
71,bgfs-0071.jpg,IMG_20260328_150508.jpg,2026-03-28,"March 28, 2026",1802,2400,543762,54412
72,bgfs-0072.jpg,IMG_20260320_063419.jpg,2026-03-20,"March 20, 2026",1800,2400,463099,50877
73,bgfs-0073.jpg,IMG_20260320_065155.jpg,2026-03-20,"March 20, 2026",1802,2400,362310,42366
74,bgfs-0074.jpg,IMG_20260320_065142.jpg,2026-03-20,"March 20, 2026",2400,1802,963176,80886
75,bgfs-0075.jpg,IMG_20260320_064855.jpg,2026-03-20,"March 20, 2026",2400,1802,602762,59563
76,bgfs-0076.jpg,IMG_20260320_173617.jpg,2026-03-20,"March 20, 2026",2400,1802,775925,81348
77,bgfs-0077.jpg,IMG_20260320_093229.jpg,2026-03-20,"March 20, 2026",2400,1802,875948,89766
78,bgfs-0078.jpg,IMG_20260319_082853.jpg,2026-03-19,"March 19, 2026",1802,2400,1369907,113056
79,bgfs-0079.jpg,IMG_20260318_182924.jpg,2026-03-18,"March 18, 2026",1802,2400,838221,57594
80,bgfs-0080.jpg,IMG_20260318_183548.jpg,2026-03-18,"March 18, 2026",2400,1802,803857,69583
81,bgfs-0081.jpg,IMG_20260318_075147.jpg,2026-03-18,"March 18, 2026",1802,2400,1036943,88151
82,bgfs-0082.jpg,IMG_20260318_092701.jpg,2026-03-18,"March 18, 2026",2400,1802,1018468,95980
83,bgfs-0083.jpg,IMG_20260318_072101.jpg,2026-03-18,"March 18, 2026",1802,2400,839416,77146
84,bgfs-0084.jpg,IMG_20260315_120547.jpg,2026-03-15,"March 15, 2026",2400,1802,1327181,109219
85,bgfs-0085.jpg,IMG_20260315_093128__01.jpg,2026-03-15,"March 15, 2026",1802,2400,1413751,132712
86,bgfs-0086.jpg,IMG_20260315_120159.jpg,2026-03-15,"March 15, 2026",1802,2400,1234734,117955
87,bgfs-0087.jpg,IMG_20260315_115903.jpg,2026-03-15,"March 15, 2026",1802,2400,1118803,103229
88,bgfs-0088.jpg,IMG_20260315_094108.jpg,2026-03-15,"March 15, 2026",1802,2400,1435968,126049
89,bgfs-0089.jpg,IMG_20260301_101754.jpg,2026-03-01,"March 1, 2026",1800,2400,930073,69015
90,bgfs-0090.jpg,IMG_20260228_142937.jpg,2026-02-28,"February 28, 2026",1802,2400,754807,94183
91,bgfs-0091.jpg,IMG_20260228_135036.jpg,2026-02-28,"February 28, 2026",2400,1802,932642,86720
92,bgfs-0092.jpg,IMG_20260227_174041.jpg,2026-02-27,"February 27, 2026",1802,2400,873947,86451
93,bgfs-0093.jpg,IMG_20260227_120241.jpg,2026-02-27,"February 27, 2026",1802,2400,1177547,91929
94,bgfs-0094.jpg,IMG_20260227_135515.jpg,2026-02-27,"February 27, 2026",1800,2400,675471,100303
95,bgfs-0095.jpg,IMG_20260225_130755.jpg,2026-02-25,"February 25, 2026",1802,2400,977658,77719
96,bgfs-0096.jpg,IMG_20260223_133550.jpg,2026-02-23,"February 23, 2026",1802,2400,1188697,102457
97,bgfs-0097.jpg,IMG_20260223_123603.jpg,2026-02-23,"February 23, 2026",2400,1802,998831,91519
98,bgfs-0098.jpg,IMG_20260223_154612.jpg,2026-02-23,"February 23, 2026",2400,1802,751641,83023
99,bgfs-0099.jpg,IMG_20260223_130542.jpg,2026-02-23,"February 23, 2026",1802,2400,915497,80112
100,bgfs-0100.jpg,IMG_20260223_130540.jpg,2026-02-23,"February 23, 2026",1802,2400,921893,73955
101,bgfs-0101.jpg,IMG_20260223_123140.jpg,2026-02-23,"February 23, 2026",2400,1802,1416194,118610
102,bgfs-0102.jpg,IMG_20260223_131112.jpg,2026-02-23,"February 23, 2026",2400,1802,1024720,82768
103,bgfs-0103.jpg,IMG_20260218_163121.jpg,2026-02-18,"February 18, 2026",1802,2400,1176217,113435
104,bgfs-0104.jpg,IMG_20260218_063326.jpg,2026-02-18,"February 18, 2026",2400,1802,799744,73144
105,bgfs-0105.jpg,IMG_20260218_082521.jpg,2026-02-18,"February 18, 2026",1802,2400,831626,81436
106,bgfs-0106.jpg,IMG_20260218_063847.jpg,2026-02-18,"February 18, 2026",2400,1802,865328,77146
107,bgfs-0107.jpg,IMG_20260218_163207.jpg,2026-02-18,"February 18, 2026",2400,1800,861387,77912
108,bgfs-0108.jpg,IMG_20260218_163358.jpg,2026-02-18,"February 18, 2026",2400,1802,827662,69563
109,bgfs-0109.jpg,IMG_20260209_075454.jpg,2026-02-09,"February 9, 2026",2400,1802,1172502,108145
110,bgfs-0110.jpg,IMG_20260209_123340.jpg,2026-02-09,"February 9, 2026",2400,1802,514398,43750
111,bgfs-0111.jpg,IMG_20260209_075820.jpg,2026-02-09,"February 9, 2026",2400,1802,1397541,95567
112,bgfs-0112.jpg,IMG_20260209_073652.jpg,2026-02-09,"February 9, 2026",2400,1802,1312140,95007
113,bgfs-0113.jpg,IMG_20260209_075822.jpg,2026-02-09,"February 9, 2026",2400,1802,1389988,94948
114,bgfs-0114.jpg,IMG_20260209_072757.jpg,2026-02-09,"February 9, 2026",2400,1802,1528109,140836
115,bgfs-0115.jpg,IMG_20260209_072650.jpg,2026-02-09,"February 9, 2026",2400,1802,1576273,141643
116,bgfs-0116.jpg,IMG_20260208_134710.jpg,2026-02-08,"February 8, 2026",2400,1802,982338,90323
117,bgfs-0117.jpg,Screenshot_20260206-081158.jpg,2026-02-06,"February 6, 2026",2400,1080,357874,36929
118,bgfs-0118.jpg,IMG_20260204_135418.jpg,2026-02-04,"February 4, 2026",2400,1802,819047,76874
119,bgfs-0119.jpg,IMG_20260204_135252.jpg,2026-02-04,"February 4, 2026",2400,1802,663216,78844
120,bgfs-0120.jpg,IMG_20260204_131843.jpg,2026-02-04,"February 4, 2026",2400,1802,1085188,89794
121,bgfs-0121.jpg,IMG_20260131_084615.jpg,2026-01-31,"January 31, 2026",2400,1800,723303,64579
122,bgfs-0122.jpg,IMG_20260131_133312.jpg,2026-01-31,"January 31, 2026",2400,1802,1324086,102331
123,bgfs-0123.jpg,IMG_20260131_133416.jpg,2026-01-31,"January 31, 2026",2400,1802,1306681,117489
124,bgfs-0124.jpg,IMG_20260131_084517.jpg,2026-01-31,"January 31, 2026",2400,1802,1183971,113999
125,bgfs-0125.jpg,IMG_20260131_133449.jpg,2026-01-31,"January 31, 2026",2400,1802,1013062,91403
126,bgfs-0126.jpg,IMG_2399.heic,2026-01-27,"January 27, 2026",1800,2400,605504,51675
127,bgfs-0127.jpg,IMG_20260126_164848.jpg,2026-01-26,"January 26, 2026",2400,1802,706200,69531
128,bgfs-0128.jpg,IMG_20260124_072012.jpg,2026-01-24,"January 24, 2026",2400,1802,923964,75036
129,bgfs-0129.jpg,IMG_2348.heic,2026-01-23,"January 23, 2026",2400,1800,720483,77702
130,bgfs-0130.jpg,IMG_20260120_070049.jpg,2026-01-20,"January 20, 2026",1800,2400,548154,71842
131,bgfs-0131.jpg,IMG_20260120_071208.jpg,2026-01-20,"January 20, 2026",1802,2400,887493,127767
132,bgfs-0132.jpg,IMG_20260119_142339.jpg,2026-01-19,"January 19, 2026",2400,1802,1275165,107348
133,bgfs-0133.jpg,IMG_20260119_142356.jpg,2026-01-19,"January 19, 2026",1802,2400,1219874,126046
134,bgfs-0134.jpg,IMG_20260104_095919.jpg,2026-01-04,"January 4, 2026",2400,1802,1395896,116706
135,bgfs-0135.jpg,IMG_20260104_095916.jpg,2026-01-04,"January 4, 2026",2400,1802,1392894,115560
136,bgfs-0136.jpg,IMG_20251224_140501.jpg,2025-12-24,"December 24, 2025",2400,1802,1131041,104026
137,bgfs-0137.jpg,IMG_20251224_140241.jpg,2025-12-24,"December 24, 2025",1802,2400,952901,79695
138,bgfs-0138.jpg,IMG_20251224_133938.jpg,2025-12-24,"December 24, 2025",2400,1802,867755,68038
139,bgfs-0139.jpg,IMG_20251224_134209.jpg,2025-12-24,"December 24, 2025",1802,2400,932317,89450
140,bgfs-0140.jpg,IMG_20251224_135155.jpg,2025-12-24,"December 24, 2025",2400,1802,668662,65886
141,bgfs-0141.jpg,IMG_20251224_140503.jpg,2025-12-24,"December 24, 2025",2400,1802,987081,92940
142,bgfs-0142.jpg,IMG_20251224_135507.jpg,2025-12-24,"December 24, 2025",2400,1802,994932,74182
143,bgfs-0143.jpg,IMG_20251224_133854.jpg,2025-12-24,"December 24, 2025",2400,1802,593653,56494
144,bgfs-0144.jpg,IMG_20251224_135521.jpg,2025-12-24,"December 24, 2025",2400,1800,801026,70997
145,bgfs-0145.jpg,IMG_20251224_140716.jpg,2025-12-24,"December 24, 2025",2400,1802,1010574,81106
146,bgfs-0146.jpg,IMG_20251224_134148.jpg,2025-12-24,"December 24, 2025",1802,2400,769389,82207
147,bgfs-0147.jpg,IMG_20251224_135408.jpg,2025-12-24,"December 24, 2025",2400,1800,757038,68183
148,bgfs-0148.jpg,IMG_20251224_135510.jpg,2025-12-24,"December 24, 2025",2400,1802,665286,63696
149,bgfs-0149.jpg,IMG_20251224_140249.jpg,2025-12-24,"December 24, 2025",2400,1802,901598,84865
150,bgfs-0150.jpg,IMG_20251221_063709.jpg,2025-12-21,"December 21, 2025",2400,1800,721617,58715
151,bgfs-0151.jpg,IMG_20251221_064753.jpg,2025-12-21,"December 21, 2025",2400,1802,444806,47024
152,bgfs-0152.jpg,IMG_20251221_064800.jpg,2025-12-21,"December 21, 2025",2400,1800,492526,63456
153,bgfs-0153.jpg,IMG_20251218_100519.jpg,2025-12-18,"December 18, 2025",2400,1800,827184,71183
154,bgfs-0154.jpg,IMG_20251215_085855.jpg,2025-12-15,"December 15, 2025",1802,2400,772503,80503
155,bgfs-0155.jpg,IMG_20251215_084733.jpg,2025-12-15,"December 15, 2025",2400,1802,1253415,109647
156,bgfs-0156.jpg,IMG_20251212_065705.jpg,2025-12-12,"December 12, 2025",2400,1800,793181,75468
157,bgfs-0157.jpg,IMG_20251212_161039.jpg,2025-12-12,"December 12, 2025",2400,1800,787556,71325
158,bgfs-0158.jpg,IMG_20251212_160333.jpg,2025-12-12,"December 12, 2025",2400,1802,531550,55608
159,bgfs-0159.jpg,IMG_20251212_161027.jpg,2025-12-12,"December 12, 2025",2400,1800,739539,67605
160,bgfs-0160.jpg,IMG_20251212_160348.jpg,2025-12-12,"December 12, 2025",1802,2400,547223,50186
161,bgfs-0161.jpg,IMG_20251212_160408.jpg,2025-12-12,"December 12, 2025",2400,1802,571054,50885
162,bgfs-0162.jpg,IMG_20251212_065653.jpg,2025-12-12,"December 12, 2025",2400,1802,644547,50728
163,bgfs-0163.jpg,IMG_20251206_084656.jpg,2025-12-06,"December 6, 2025",1802,2400,941190,80341
164,bgfs-0164.jpg,IMG_20251203_073831.jpg,2025-12-03,"December 3, 2025",1802,2400,977897,87928
165,bgfs-0165.jpg,IMG_20251203_073454.jpg,2025-12-03,"December 3, 2025",2400,1802,1048013,110164
166,bgfs-0166.jpg,IMG_20251203_073438.jpg,2025-12-03,"December 3, 2025",2400,1802,1161155,99720
167,bgfs-0167.jpg,IMG_20251203_073822.jpg,2025-12-03,"December 3, 2025",2400,1802,910056,88810
168,bgfs-0168.jpg,IMG_20251128_064947.jpg,2025-11-28,"November 28, 2025",2400,1802,1075547,97626
169,bgfs-0169.jpg,IMG_20251128_064924.jpg,2025-11-28,"November 28, 2025",2400,1802,1022743,91434
170,bgfs-0170.jpg,IMG_20251127_143646.jpg,2025-11-27,"November 27, 2025",1802,2400,753132,86569
171,bgfs-0171.jpg,IMG_20251127_151132.jpg,2025-11-27,"November 27, 2025",2400,1802,1058839,96024
172,bgfs-0172.jpg,IMG_20251127_151127.jpg,2025-11-27,"November 27, 2025",2400,1802,909029,87041
173,bgfs-0173.jpg,IMG_20251127_162205.jpg,2025-11-27,"November 27, 2025",2400,1802,823886,88708
174,bgfs-0174.jpg,IMG_20251127_133743.jpg,2025-11-27,"November 27, 2025",2400,1802,800099,68953
175,bgfs-0175.jpg,IMG_20251127_141201.jpg,2025-11-27,"November 27, 2025",2400,1802,1049549,100034
176,bgfs-0176.jpg,IMG_20251127_154434.jpg,2025-11-27,"November 27, 2025",2400,1802,747602,85697
177,bgfs-0177.jpg,IMG_20251127_145951.jpg,2025-11-27,"November 27, 2025",2400,1802,875243,89308
178,bgfs-0178.jpg,IMG_20251126_093958.jpg,2025-11-26,"November 26, 2025",1802,2400,1099552,103661
179,bgfs-0179.jpg,IMG_20251125_111704.jpg,2025-11-25,"November 25, 2025",1802,2400,963844,90787
180,bgfs-0180.jpg,IMG_20251124_103457.jpg,2025-11-24,"November 24, 2025",2400,1802,1364986,117693
181,bgfs-0181.jpg,IMG_20251124_103428.jpg,2025-11-24,"November 24, 2025",2400,1802,1520365,121020
182,bgfs-0182.jpg,IMG_20251123_130626.jpg,2025-11-23,"November 23, 2025",2400,1802,1066729,94732
183,bgfs-0183.jpg,IMG_20251123_132037.jpg,2025-11-23,"November 23, 2025",2400,1802,1166353,106923
184,bgfs-0184.jpg,IMG_20251123_132051.jpg,2025-11-23,"November 23, 2025",1802,2400,1504904,119596
185,bgfs-0185.jpg,IMG_20251121_161649.jpg,2025-11-21,"November 21, 2025",1802,2400,705995,81027
186,bgfs-0186.jpg,IMG_20251121_161709.jpg,2025-11-21,"November 21, 2025",1802,2400,668979,66650
187,bgfs-0187.jpg,IMG_20251118_065449.jpg,2025-11-18,"November 18, 2025",2400,1802,718774,79911
188,bgfs-0188.jpg,IMG_20251115_085218.jpg,2025-11-15,"November 15, 2025",1802,2400,646869,65160
189,bgfs-0189.jpg,IMG_20251115_095925.jpg,2025-11-15,"November 15, 2025",2400,1802,1030195,97194
190,bgfs-0190.jpg,IMG_20251115_092822.jpg,2025-11-15,"November 15, 2025",1802,2400,550784,55624
191,bgfs-0191.jpg,IMG_20251115_084122.jpg,2025-11-15,"November 15, 2025",2400,1802,697263,70948
192,bgfs-0192.jpg,IMG_20251114_080614.jpg,2025-11-14,"November 14, 2025",1802,2400,921742,64190
193,bgfs-0193.jpg,IMG_20251113_064942.jpg,2025-11-13,"November 13, 2025",2400,1802,807980,66504
194,bgfs-0194.jpg,IMG_20251112_094643.jpg,2025-11-12,"November 12, 2025",2400,1802,678073,62371
195,bgfs-0195.jpg,IMG_20251112_134140.jpg,2025-11-12,"November 12, 2025",1802,2400,1192952,93327
196,bgfs-0196.jpg,IMG_20251111_070502.jpg,2025-11-11,"November 11, 2025",2400,1802,897352,76130
197,bgfs-0197.jpg,IMG_20251108_084030.jpg,2025-11-08,"November 8, 2025",1802,2400,749848,79346
198,bgfs-0198.jpg,IMG_20251108_084000.jpg,2025-11-08,"November 8, 2025",1802,2400,857965,70193
199,bgfs-0199.jpg,IMG_20251106_160812.jpg,2025-11-06,"November 6, 2025",1802,2400,782660,70709
200,bgfs-0200.jpg,IMG_20251106_160815.jpg,2025-11-06,"November 6, 2025",1802,2400,961021,79491
201,bgfs-0201.jpg,IMG_20251105_085615.jpg,2025-11-05,"November 5, 2025",2400,1802,787404,90511
202,bgfs-0202.jpg,IMG_20251105_075352.jpg,2025-11-05,"November 5, 2025",1802,2400,947603,74983
203,bgfs-0203.jpg,IMG_20251105_092601.jpg,2025-11-05,"November 5, 2025",2400,1802,764838,82092
204,bgfs-0204.jpg,IMG_20251105_092610.jpg,2025-11-05,"November 5, 2025",2400,1802,792951,82639
205,bgfs-0205.jpg,IMG_20251104_165043.jpg,2025-11-04,"November 4, 2025",2400,1802,612580,66851
206,bgfs-0206.jpg,IMG_20251104_165039.jpg,2025-11-04,"November 4, 2025",2400,1802,678485,64848
207,bgfs-0207.jpg,IMG_20251029_090424.jpg,2025-10-29,"October 29, 2025",2400,1800,682609,80537
208,bgfs-0208.jpg,IMG_20251027_094743.jpg,2025-10-27,"October 27, 2025",1802,2400,1118243,109754
209,bgfs-0209.jpg,IMG_20251027_094731.jpg,2025-10-27,"October 27, 2025",2400,1802,1303186,105387
210,bgfs-0210.jpg,IMG_20251027_094720.jpg,2025-10-27,"October 27, 2025",2400,1802,1619341,134967
211,bgfs-0211.jpg,IMG_20251027_104023.jpg,2025-10-27,"October 27, 2025",2400,1802,417299,45240
212,bgfs-0212.jpg,IMG_20251027_102508.jpg,2025-10-27,"October 27, 2025",1800,2400,899908,66987
213,bgfs-0213.jpg,IMG_20251027_102522.jpg,2025-10-27,"October 27, 2025",1802,2400,1251472,83202
214,bgfs-0214.jpg,IMG_20251027_102441.jpg,2025-10-27,"October 27, 2025",2400,1802,948107,78459
215,bgfs-0215.jpg,IMG_20251025_142831.jpg,2025-10-25,"October 25, 2025",2400,1802,1059067,89783
216,bgfs-0216.jpg,IMG_20251025_074428.jpg,2025-10-25,"October 25, 2025",1802,2400,1657098,153670
217,bgfs-0217.jpg,IMG_20251014_071129.jpg,2025-10-14,"October 14, 2025",2400,1802,912567,78262
218,bgfs-0218.jpg,IMG_20251013_181650.jpg,2025-10-13,"October 13, 2025",2400,1802,593984,53176
219,bgfs-0219.jpg,IMG_20251013_143402.jpg,2025-10-13,"October 13, 2025",2400,1800,915708,85180
220,bgfs-0220.jpg,IMG_20251013_181734.jpg,2025-10-13,"October 13, 2025",1802,2400,901174,81963
221,bgfs-0221.jpg,IMG_20251013_110743.jpg,2025-10-13,"October 13, 2025",2400,1802,1071474,88377
222,bgfs-0222.jpg,IMG_20251013_143633.jpg,2025-10-13,"October 13, 2025",2400,1800,764425,76278
223,bgfs-0223.jpg,IMG_20251013_181637.jpg,2025-10-13,"October 13, 2025",2400,1802,789670,69500
224,bgfs-0224.jpg,IMG_20251008_065843.jpg,2025-10-08,"October 8, 2025",2400,1802,599104,75028
225,bgfs-0225.jpg,IMG_20251007_065245.jpg,2025-10-07,"October 7, 2025",2400,1802,608525,50805
226,bgfs-0226.jpg,IMG_20251007_061902.jpg,2025-10-07,"October 7, 2025",2400,1802,593238,63861
227,bgfs-0227.jpg,IMG_20251007_121747.jpg,2025-10-07,"October 7, 2025",2400,1802,825892,77668
228,bgfs-0228.jpg,IMG_20251007_111754.jpg,2025-10-07,"October 7, 2025",1800,2400,786895,74218
229,bgfs-0229.jpg,IMG_20251007_062038.jpg,2025-10-07,"October 7, 2025",2400,1800,658132,57263
230,bgfs-0230.jpg,IMG_20251007_065310.jpg,2025-10-07,"October 7, 2025",2400,1802,1161533,91677
231,bgfs-0231.jpg,IMG_20251007_061706.jpg,2025-10-07,"October 7, 2025",2400,1802,498102,44631
232,bgfs-0232.jpg,IMG_20251007_062122.jpg,2025-10-07,"October 7, 2025",2400,1800,824550,62322
233,bgfs-0233.jpg,IMG_20251007_121653.jpg,2025-10-07,"October 7, 2025",2400,1802,732120,72826
234,bgfs-0234.jpg,IMG_20251007_062056.jpg,2025-10-07,"October 7, 2025",2400,1800,194875,12775
235,bgfs-0235.jpg,IMG_20251005_153359.jpg,2025-10-05,"October 5, 2025",1802,2400,1172361,91198
236,bgfs-0236.jpg,photo_20251003_142905_4996694686403099157.jpg.jpg,2025-10-03,"October 3, 2025",2400,1802,1120891,92207
237,bgfs-0237.jpg,IMG_20251002_132247.jpg,2025-10-02,"October 2, 2025",2400,1802,935499,73479
238,bgfs-0238.jpg,IMG_20251002_132258.jpg,2025-10-02,"October 2, 2025",2400,1802,1028281,78081
239,bgfs-0239.jpg,IMG_20251002_132204.jpg,2025-10-02,"October 2, 2025",2400,1802,941663,73182
240,bgfs-0240.jpg,IMG_20251001_174233.jpg,2025-10-01,"October 1, 2025",2400,1802,782673,69923
241,bgfs-0241.jpg,IMG_20251001_180516.jpg,2025-10-01,"October 1, 2025",2400,1802,502864,65551
242,bgfs-0242.jpg,FB_IMG_1777121529058.jpg,1777-12-15,"December 15, 1777",2048,1364,433745,82559
243,bgfs-0243.jpg,518103465_10238287194827049_4079907161954165912_n.jpg,,,2048,1364,313964,61949
244,bgfs-0244.jpg,FB_IMG_1786762207471.jpg,,,2048,2040,304903,71467
245,bgfs-0245.jpg,10153805088644428.jpg,,,1111,781,139097,63747
246,bgfs-0246.jpg,10153805094769428.jpg,,,1111,741,111513,40565
247,bgfs-0247.jpg,-6050947517035252563_121.jpg,,,1280,720,141998,51011
